elf1,elf2,elf3
h;D;s;D;D;t;t;b;h;s;m;s;h;N;N;W;M;N;W;G;b;T;N;q;Z;q,V;Q;f;j;n;l;F;v;n;Q;F;R;d;Z;W;d;V;t;q;M;G;d;W;W,z;v;v;v;R;n;F;F;f;j;j;l;R;B;l;B;P;z;g;Q;g;R;v;v;m;t;r;m;h;H;c;p;t;L;H;C;D;h;c;H;H;m;L;s;B;m;s;B
F;r;z;F;v;v;d;T;D;c;T;n;m;T;z;d;D;T;T;z;d;v;W;m;j;h;g;V;P;r;h;S;l;j;S;Q;S;P;w;P;j;P;j;P;j;S;V;C,s;M;s;G;b;q;G;s;b;b;R;q;R;b;B;M;B;G;R;M;b;L;p;N;S;S;p;j;h;l;Q;l;j;H;V;C;l;h;j;g;P;j;j;P;h;l;V;p,s;N;b;G;t;J;b;M;f;s;s;N;t;v;c;n;W;F;V;m;n;v;D;d
T;N;f;m;d;F;J;m;f;d;Z;M;Q;f;f;V;R;Q;V;V,j;V;H;B;C;c;D;S;j;W;r;M;Z;j;v;g,S;S;h;S;b;C;G;p;c;B;t;B;t;w;t;V;L;J;J;d;d;m;t;L;m;T
C;t;p;N;f;t;b;N;W;b;t;S;J;D;H;q;G;Z;J;F;L;f;L;r,d;P;s;H;l;s;R;B;H;c;Z;d;q;D;F;D;Z;w;w;J,s;n;j;V;l;v;T;P;l;P;j;V;l;Q;l;H;W;j;p;S;m;z;g;N;N;z;S;m;t;p;S;m
q;h;Z;t;S;V;q;C;q;T;h;G;c;G;z;Z;n;n;f;Z;c;B,W;b;d;d;W;b;D;w;r;B;z;c;p;z;H;p;B;b,D;B;B;M;F;W;R;J;D;r;D;F;W;L;W;l;j;C;q;j;Q;j;F;v;t;C;s;q;T;j;q;s
v;h;F;T;z;R;z;z;T;m;P;v;b;p;l;W;F;t;Q;t;t;Q;Q;Z;t;Z;h;M;Z;q;c;q;S;Q,f;J;V;C;f;D;f;J;N;C;L;D;w;J;N;G;m;s;s;Z;g;w;q;g;Z;c;m;t;g;c;m;s,V;m;d;V;N;L;H;G;G;V;D;B;d;f;L;C;H;n;L;G;H;n;b;W;p;T;p;l;W;b;d;d;R;T;l;z;p;l;W;P;p;b;F;p
s;m;w;t;N;V;q;R;j;N;m;Z;j;Z;B;D;S;v;z;S;z;l,F;n;T;J;F;c;T;T;F;c;c;C;r;J;G;T;L;n;c;d;C;C;c;P;J;Z;f;B;B;D;S;l;S;J;w;Z;D;l;g;g;S;f;f;v;g;S;S;f,F;W;T;F;G;L;F;W;L;C;P;W;r;C;n;F;n;Q;W;N;b;Q;V;V;w;p;h;h;m;H;H;b;p;t;V;s;s;s
B;r;r;g;r;t;g;f;B;p;P;F;h;h;g;M;W;q,Z;G;v;s;v;D;G;C;l;v;s;S;R;S;c;p;G;B;h;P;p;h;W;M;P;h;h;T;N;h,S;B;S;B;d;B;Z;C;c;d;w;H;r;V;Q;w;Q;r
q;m;F;q;d;V;t;q;s;V;d;z;q;G;b;w;M;J;w;G;P;p;m;P;H;M,Z;j;T;j;L;Q;L;L;D;r;r;L;j;c;F;h;l;f;r;G;H;p;p;f;b;J;w;G;p;M;M;p;G;H;w;R;C;C,B;T;l;Z;j;r;B;B;B;c;L;T;c;D;r;j;B;l;T;h;W;B;j;B;t;W;N;q;n;S;z;S;n;s;S;d;v;s;F;g;g;N;n;q;V;V;n;v
z;V;v;m;j;G;g;p;c;J;n;b;T;T;T;J;H;R;H;S;R;b,N;P;F;r;F;Q;f;C;L;P;r;d;R;l;b;t;Q;R;R;v;B;t;H;b,f;r;M;L;q;P;F;M;r;f;r;P;L;C;w;q;q;N;v;j;c;z;w;w;n;m;w;g;g;G;m;s;s;n;m;n;n;m
H;b;F;J;h;h;s;h;s;f;f;c;v;s;l;m;G;m;L;F;r;Q;B;r;l;F;T;G,j;N;R;P;w;w;P;j;S;P;C;d;C;d;v;R;z;R;B;T;l;R;z;m;G;r;m;B,n;C;S;W;d;N;j;C;C;P;q;v;t;t;t;Z;n;D;s;c;t;h
S;c;S;r;R;T;P;c;S;S;D;R;W;S;p;t;W;c;d;m;m;W;G;b;m;G;G;L;m;L;J;v;N;J;N;b;b;J,f;l;z;H;j;F;p;Z;j;F;f;j;j;g;s;z;j;l;q;z;J;N;n;n;v;s;m;b;M;m;G;v;J;L;N;N;b;m;J;v,j;F;Z;F;V;p;f;f;p;V;l;q;f;Q;h;g;t;T;w;c;T;V;t;r;T;c;R;B;w;B;T;D
r;H;r;d;G;S;M;S;S;b;Z;b;j;S;h;j,q;Z;f;D;B;B;v;l;l;v;v;W;L;t;q;b;b;Q;w;h;J;j;b;t;w;b;n;Q;g;N,W;z;W;l;z;Z;m;L;W;B;L;Z;L;z;C;z;r;H;M;V;c;R;r;M;R;F;R;C;C;c;c;F
B;z;d;p;l;p;p;D;l;B;B;r;q;W;n;j;F;M;B;W;q;N;W;q,w;h;Z;h;Z;S;S;H;h;h;V;S;r;v;S;g;H;P;v;g;v;j;n;F;T;P;s;F;F;n;n;N;T;c;j;T;F;n;T;T;s;c,H;L;C;w;V;S;f;Z;L;f;f;S;H;h;L;v;w;t;Q;b;J;b;r;d;G;l;R;R;r;G;d;m;p;z;t;G
g;r;D;F;f;D;l;f;C;f;t;C;z;C;f;N;z;t;c;l;N;F;r;B;N;Q;j;b;Z;j;J;j;j;P;P;V;s;j;N;v;s;b;v;P;s;j,H;w;w;T;p;G;p;R;w;M;d;p;H;W;h;v;j;z;V;s;P;J;j;J;G;V;v;V;Z;s,S;h;p;h;R;p;w;z;M;W;d;p;H;d;w;W;H;w;M;p;n;H;w;L;D;m;m;g;c;L;C;C;D;t;L;D;C;C;S;l;c;g;c;f;C;D
c;c;q;q;L;L;q;C;q;T;S;l;Z;M;L;Q;M;l;l;Z;T;v;n;N;f;j;d;d;t;t;m;m;D;p;R;J;j;v;h;f;p;f;t;h;R;m;d;f,r;b;V;s;s;W;w;g;g;F;r;G;s;W;z;P;b;V;F;G;J;p;f;t;Q;R;P;D;m;Q;D;p;d;P;m;d;J;m;f;R,b;B;H;W;W;H;z;W;H;W;W;H;r;s;V;b;s;F;g;w;b;F;q;q;M;L;T;n;B;c;l;T;M;M;S;n;L;n;q;L;q;M;Q;Z
C;c;S;P;G;C;C;P;r;d;P;t;d;j;c;s;B;L;D;g;h;b;V;L;h;q;D;l,v;M;J;w;T;H;z;P;v;z;V;w;q;B;B;D;b;l;l;s,Q;N;v;M;F;f;R;M;J;H;P;Z;H;j;n;f;W;m;d;f;t;S;j;S;n;p
d;n;B;C;P;h;h;B;C;r;Q;f;C;h;d;b;N;V;G;L;s;z;z;D;z;V;D;s;T;b;W;T,H;g;c;J;g;p;p;p;P;q;q;H;w;P;w;J;S;c;z;V;z;D;s;s;N;N;V;W;T;t;q;V;V;G;t;s,J;H;R;F;p;j;F;c;c;p;l;c;R;w;P;J;p;H;P;S;c;p;M;P;Q;m;C;d;B;Q;Q;f;Q;j;j;h;C;f;B;C;r;Q;Q;v;d;m;n;n
r;Q;G;m;V;R;L;R;b;D;R;H;m;m;Z;L;G;B;G;V;L;H;B;V;F;s;p;S;s;t;W;W;W;N;J;c;s;g;p;Q;T;S;s;N;p;p;J;S,q;l;l;d;h;P;d;f;C;g;n;s;p;J;F;W;C;F;s;F;N;T,j;M;M;z;w;n;d;f;h;n;w;P;f;q;P;M;j;g;j;M;V;B;r;G;B;m;r;H;D;H;L;Z;b;j;R;G;H;b;H;j
w;z;p;Z;f;z;H;R;S;R;f;z;g;H;f;f;f;Z;w;w;S;t;C;t;S;r;B;h;B;B;C;T;r;t;F;h;h;B;F;G,Q;P;j;Q;Q;Q;D;c;D;W;J;N;F;W;t;r;t;W;r;G;m;T;C;M;t;m;B;W,l;D;v;v;D;Q;c;d;j;Q;c;Q;L;v;l;D;w;n;p;F;g;b;b;z;n;Z;Z;g;l;Z;s;l
R;f;M;F;T;M;F;r;V;r;S;R;F;P;l;F;S;f;V;l;H;p;L;q;g;z;p;H;B;L;z;H;B;B;V;z;V;p;H;G,C;c;h;b;h;c;w;d;m;d;J;m;w;J;J;t;G;g;n;q;z;p;p;L;m;G;G;B;Q;q;Q;p,h;C;s;s;t;C;J;w;L;v;M;R;v;s;Z;s;T;R
f;Q;l;f;M;l;N;C;l;Q;h;h;Z;h;r;l;W;r;W;w,n;j;D;b;n;T;D;T;B;t;G;j;m;r;G;v;S;h,b;g;s;h;B;d;B;c;D;b;T;T;d;n;n;n;T;q;c;q;L;g;q;f;p;f;Q;p;p;C;s;C;M;s;H;H;V;V;p;H;H;N;C;H;F;F
P;b;C;n;T;b;z;J;n;q;Q;N;z;b;b;T;N;D;d;p;w;c;m;j;D;m;w;j;G;Q;j;c;c;w,h;W;g;v;S;d;L;v;w;c;G;j;S;p;S;m,v;V;f;r;F;v;v;h;H;F;T;Z;n;d;J;q
F;F;v;R;V;C;R;q;V;R;c;f;s;D;L;r;g;q;G;N;W;j;j;H;f;h;Q;Q;z;G;W;j;Q;H;z;N,p;p;J;P;B;w;p;l;w;S;B;J;T;m;P;p;T;z;W;W;S;t;z;H;H;j;N;N;L;N;z;H;N;h,w;n;w;M;P;b;L;J;M;J;l;l;J;J;w;B;m;J;m;n;L;V;v;C;v;s;C;s;b;F;g;D;r;R;r;s;C;s;v;r;q;c
j;q;H;g;V;g;d;g;G;Q;t;t;W;C;t;N;q;N;f;l;m;l;l;g;F;n;f;D;n;m;F;F;l;p;c;l,T;Z;Z;s;r;r;w;w;h;w;r;s;r;Z;R;G;m;h;c;f;S;n;h;G;l;m;S;F;c;f,r;s;L;v;v;b;J;P;P;L;B;G;P;C;Q;q;H;W;t;M;C;M;H;N
W;z;z;B;p;C;B;p;M;s;B;p;C;v;C;f;s;g;n;P;P;f;H;g;b;f;F;N;f;F,j;t;d;T;L;L;j;G;T;G;j;D;j;L;b;b;b;G;l;D;L;L;L;m;f;F;g;m;m;f;g;r;P;r;g;m;N;P;H;S;n;n;N;n;q;F;S;q,j;b;R;R;b;j;l;w;l;R;V;p;v;W;w;v;z;B;p;B
q;p;w;z;C;z;C;z;n;F;z;n;T;c;C;v;r;c;r;v;V;c;L;b,c;P;m;N;M;H;S;l;M;s;L;f;v;W;g;s;r;W;v;L,m;M;H;G;P;D;M;B;G;S;G;P;H;l;P;B;c;B;P;z;z;n;n;z;p;d;Q;F;B;j;q;R;F;d;w;d;n;n
Q;G;Z;L;J;z;m;J;r;Z;g;Z;z;Z;h;N;Q;F;q;D;W;l;W;P;W;D;F;C;W;N;R;l;P;W,h;M;M;b;h;V;b;h;H;W;C;s;P;W;C;M;R;s,B;w;j;b;S;H;V;B;V;v;f;c;T;f;Z;g;Z;z;Q;h;r;z;d;G;r;t
c;v;P;T;j;f;D;P;p;D;m;m;B;j;b;Q;j;Z;M;d;l;B;Z;j,C;H;N;n;g;h;N;C;h;V;z;N;g;r;F;V;w;C;M;J;L;M;M;M;M;M;Q;Q;d;b;L;Z,F;N;S;z;S;h;r;H;h;N;n;W;g;V;n;W;f;v;f;b;p;f;p;D;G;T;f;v;s;G
F;F;p;V;r;Z;h;p;T;l;S;Q;l;Q;z;T;t;R;t;Z;H;f;m;P;m;J;D;b;R;t;Z;J,j;N;n;w;B;L;n;W;w;B;g;N;B;N;C;w;s;N;g;s;M;s;C;L;V;f;D;W;f;m;D;J;R;f;f;m;R;R;t;m;f;R;m;P;D;R;t;R,B;n;L;d;N;d;j;n;B;N;c;L;n;g;d;C;V;B;n;d;g;l;l;F;l;Q;r;r;p;Q;l;S;S;F;r;Q;p;h;F;c;Q;q
J;m;V;L;J;P;M;N;j;m;V;J;p;M;L;J;S;V;m;N;Q;Z;Z;Q;Z;Z;r;n;T;H;q;Z;Q;H;T;r;T;T;M;r,l;t;f;d;w;C;h;h;w;R;d;R;s;w;D;D;d;n;B;Q;q;q;W;N;T;q;r;r;H;r;q;Z;R;r,d;w;d;w;w;D;w;s;G;l;h;h;D;F;t;s;C;w;h;s;J;L;c;P;m;G;P;c;G;z;S;j;S;j;j;L;z;N;P;S
Q;g;S;b;g;Q;C;L;Q;S;J;F;M;c;c;L;F;L;V;V;z;H,W;B;N;f;f;r;B;p;B;N;d;N;R;d;W;D;f;p;t;B;t;d;z;W;c;M;Z;Z;V;P;M;V;w;H;M;m;s;V;H;F;c;c;H;s;D;s;V;c,p;t;p;h;R;W;r;f;G;R;G;R;n;q;l;C;S;Q;v;h;q;b;C;z;J;S
V;v;d;M;L;M;L;M;B;M;l;V;l;V;s;c;h;s;N;p;D;G;p;d;N;s;G;c,t;q;F;S;m;n;m;n;n;t;t;G;f;D;q;N;c;f;v;N;D;D,n;z;R;H;n;r;w;r;r;W;R;r;r;z;H;t;b;M;l;T;M;B;j;C;v;W;L;g;B;B;M;l
p;C;B;l;R;v;z;w;z;l;C;z;v;Z;q;q;D;w;z;m;v;g;t;s;L;s;Q;d;g;Z;s;g;P;N;t;d;r;s;W;r;s;t,J;b;G;j;b;G;V;G;H;S;F;b;h;b;n;h;T;S;h;S;T;b;Q;t;Q;r;P;s;L;s;H;L;Q;g;N;R;t;s;g;d;Q;s;L;P,G;n;n;b;J;b;G;M;G;b;S;j;j;b;S;b;C;z;q;l;w;M;R;R;D;z;q;z;M;B;B;v
T;T;V;R;J;V;M;W;M;s;h;S;Q;t;j;S;V;T;Q;J;R;Q;l;c;C;B;n;c;J;c;c;d;p;p;n;J;c;B;B;D;n;g;F;p;g;P,f;r;v;f;z;f;H;r;w;z;Z;N;r;t;N;w;z;z;z;Z;n;c;C;C;Z;F;d;F;F;C;g;B;D;p;P;c;B;c;B;g,L;w;N;G;b;q;w;v;m;v;v;t;b;N;Q;j;Q;l;V;V;R;W;T;G;T;Q;W;M
R;n;g;g;w;V;L;R;L;D;f;C;V;Z;h;f;p;D;G;G;M;G;M;G;c;G;z;G;N;H;v;v,j;m;m;W;B;T;S;s;B;m;F;m;S;z;c;t;s;q;p;c;c;H;v;z;p;N,S;B;S;r;T;b;l;S;Q;P;b;Q;h;N;w;w;Z;f;P;V;d;Z;P;f
C;C;v;C;w;z;f;N;S;t;L;z;f;r;b;m;M;J;b;Z;M;t;l;s;b;J;M;W,g;P;P;P;B;q;D;j;B;c;P;F;p;V;g;B;R;b;n;M;s;V;s;b;J;Z;n;W;s;d;b;S;b;M,q;g;D;P;H;j;H;c;P;h;p;D;R;R;p;P;B;R;p;C;G;S;L;w;v;H;Q;w;G;f;z;r;H;L;G;L;T;L
C;L;G;q;D;Z;Z;L;T;d;d;d;P;s;d;J;p;q,g;b;R;b;b;n;g;h;n;r;W;v;g;r;d;J;d;S;T;R;S;s;V;N;J;l;l;d,h;M;n;w;r;j;n;n;j;g;g;v;n;L;D;w;G;f;f;T;f;w;C;Z;Z;Z
N;z;J;H;b;N;H;N;N;z;J;z;g;m;H;m;z;p;Q;S;v;v;L;q;b;L;s;V;V;s;V;G;v;B,W;t;W;h;t;W;D;d;r;Z;l;d;D;W;r;W;T;l;Z;g;p;p;V;V;s;q;Q;T;V;Q;B;q;s;G;q;B;s;Q;V;p,j;W;j;W;R;R;R;l;P;c;H;R;w;J;g;w
C;C;n;n;F;T;m;n;P;C;M;C;R;N;f;n;w;G;w;d;f;z;v;w;w;l,V;Q;Q;V;S;h;D;S;S;s;h;h;D;D;t;D;L;h;j;c;c;G;j;L;B;B;z;B;z;l;Z;f;l;N;Z;v;w;Z;z;d;w;B;z;p;S;N;N;Z,Q;L;H;h;J;D;D;h;D;h;g;s;c;g;t;j;b;G;H;T;r;W;b;r;T;b;R;m;b;F;r;m
C;J;b;L;v;J;v;b;w;t;F;H;q;v;L;z;w;J;q;q;q;t;H;W;T;W;R;g;D;S;c;D;R;S;W;Q;Q;j;T;R;c;W;R;D;L;T,m;s;s;G;s;M;N;p;h;Z;M;N;s;P;P;B;n;h;S;j;R;g;d;n;Q;R;d;W;g;d;j;g;r;c;D;n,G;G;m;B;M;M;s;f;f;m;s;l;M;G;s;h;Z;l;M;p;h;G;q;C;z;H;C;b;z;l;b;v;z;q;w;z;z;g;F;J;g;g;C;F
W;C;g;W;B;p;h;p;W;L;Q;Z;Q;p;g;d;h;G;d;w;m;f;b;f;F;R;V;R;j;R;T;b;b;S;F;t;t;d;b;S;b;T,q;q;r;Z;n;D;N;q;Z;J;D;T;V;z;R;j;V;F;b;f;S;N,r;P;M;v;q;J;J;q;r;J;M;P;J;n;Z;M;Z;Z;g;L;P;g;L;W;L;g;g;W;Q;g;h;w;h;m;B;h
C;W;G;G;z;d;H;H;m;P;P;S;m;P;s;C,L;q;w;l;Z;w;R;L;r;P;M;Q;l;M;q;r;l;b;Z;r;Q;R;s;S;N;s;m;s;s;S;N;S;s;N;c;B;N;p;g;m;s;J,l;w;L;D;Q;h;r;D;M;Q;q;P;G;f;h;z;G;G;j;h;G;n
Z;q;D;l;Z;s;s;C;q;J;J;M;v;p;d;B;p;B;B;m;B;Q;S;M;R;p,w;L;g;V;c;b;g;F;L;z;T;L;T;N;N;Z;m;N;N;R;d;j;d;R;m;F,H;Z;H;b;c;t;W;T;w;g;V;W;g;s;f;r;n;n;P;q;l;n;s;W;l;D
R;S;n;w;S;P;F;c;L;n;F;P;n;R;w;j;z;c;t;z;b;G;N;l;Z;g;N;b;b;G;d;G;p;L;h;Z;d;p;g;M,B;q;q;B;f;M;v;T;m;m;J;q;D;g;G;N;V;d;G;V;b;V;J;J;Z;G,v;s;T;D;f;q;B;m;H;m;M;W;Q;C;w;j;t;r;H;j;j;S;F;F;n;R;S;n
L;s;C;m;m;c;D;H;R;j;d;t;N;M;s;t;w;w;z;J,T;v;T;h;q;f;B;F;B;N;T;n;n;n;d;T;t;L,l;v;G;Q;f;b;F;Q;G;b;l;F;r;R;c;c;L;R;S;S;l;P;P;V;H;S
q;b;L;p;q;T;H;S;q;p;b;q;b;r;P;c;Q;g;j;P;D;j;c;d;D;L,g;n;z;h;h;B;B;w;B;W;Z;z;M;g;l;m;j;D;r;D;P;j;v;f;d;v;Q;P;d;w;t;d,W;Z;Z;z;Z;Z;l;Z;m;h;s;M;m;F;g;R;B;B;B;z;H;H;J;p;N;J;G;V;R;S;J;V;G;T;V;p;N;q;C;H
J;D;p;h;h;G;h;D;d;G;z;W;R;B;n;v;q;q;L;D;N;L;M;n;L;w,g;s;r;T;H;H;f;f;T;H;P;c;r;P;r;l;H;C;N;Z;h;v;B;Z;n;Z;N;L;h;P;v;B;N;w;v;h,s;H;V;C;S;s;S;g;h;J;p;S;J;j;Q;h
J;T;M;G;l;f;j;l;T;d;q;j;n;q;b;n;q;F;w;q;m;n;b;Q,P;B;Z;h;B;B;c;W;R;Z;p;r;P;Z;c;Z;D;D;C;Z;T;Z;R;g;n;n;z;w;b;b;s;b;n;v;h;b;v;z;n;F;s;N;F;F;v;v;N;Q,B;c;W;r;V;g;C;C;Z;T;D;R;D;r;l;G;t;t;f;V;t;M;d;d;S;J;l;H
v;w;w;v;p;V;b;S;v;n;S;R;R;m;f;M;C;m;T;H;V;H;T;B;H;B,Q;L;Z;g;D;P;g;S;D;g;G;T;M;Z;f;m;T;T;B;Z,Q;D;D;s;Q;F;D;l;z;l;g;t;J;l;L;d;F;D;g;S;J;Q;F;v;v;p;R;v;j;q;z;j;R;w;w;w;z;W;v;h;v;W;w;q;j;j
m;R;R;T;G;G;N;N;f;l;G;R;G;G;m;m;g;R;b;l;s;G;w;C;Z;w;V;Z;l;Z;j;V;w;j;z;t;p;j;Z;h;p;B;C;B,P;M;L;L;F;L;H;P;L;P;n;L;q;D;D;L;v;F;D;r;z;z;M;j;h;w;V;C;j;t;p;h;B;z;j;M;h;V,F;D;d;S;P;S;p;L;c;D;s;N;R;R;W;S;T;N;W;N
S;T;l;d;J;t;h;d;J;b;t;T;q;l;j;C;R;D;D;H;m;q;m;j,V;V;v;N;w;w;v;N;F;s;s;J;F;J;P;N;N;w;V;v;R;M;C;g;C;g;D;q;j;j;j;q;r;D;q;q;M;H;q;P,Q;B;Z;w;Q;f;Z;w;f;V;h;t;c;S;B;t;B;J;n;T
T;z;j;j;P;z;s;Q;T;s;l;N;l;N;z;P;R;V;G;J;J;J;G;G;t;T;J;m;g;J;H;t;m;T;Z;C,d;B;D;W;S;c;M;B;h;h;P;G;g;d;w;w;J;P;f;w,S;q;S;q;b;S;P;D;B;h;q;n;M;q;v;r;r;S;W;V;N;F;p;R;V;R;L;z;V;Q;s;l;v;p;N;j;V;L
b;W;F;g;F;C;P;F;t;g;v;D;Z;W;g;t;C;h;D;N;F;J;H;v;G;V;z;H;H;p;j;z;H;n;n;z;G;z;z;H;R;R,q;c;S;c;Q;b;b;m;q;d;Q;m;l;Q;m;r;l;c;Q;w;L;m;H;l;R;R;j;z;G;H;n;H;J;n;n;G;V;j;H;z;B;H;z;G,T;q;Q;w;m;L;m;f;c;d;d;f;w;r;f;C;g;b;W;C;N;P;s;Z;N;f;C;b
p;d;d;p;r;r;t;r;C;P;d;v;J;d;M;j;w;w;w;H;n;L;w;w;j;L;W;C;L;g,q;h;z;Z;T;m;Z;c;m;R;h;m;p;F;l;V;H;c;Q;Q;V;w;W;Q;H;V;Q;w;n;H,l;G;m;h;f;R;f;m;B;Z;R;l;m;m;b;v;D;P;B;M;v;N;b;v;J;J;p;P
N;s;p;t;g;f;G;L;L;N;w;n;N;Q;S;Z;b;C;v;Z;n;R;n;M;C;b,J;l;d;h;d;z;w;z;B;M;C;S;Z;v;r;z,J;F;c;d;W;T;d;w;h;P;T;F;V;D;V;m;T;J;N;q;m;s;t;L;q;g;L;t;L;t;j;G;G;p;s;G
d;V;V;T;S;g;T;D;p;H;V;D;j;g;d;W;p;d;p;H;T;Z;S;b;W;G;r;n;n;v;r;N;w;z;F;G;N;r;F;w;n;N;N;w;v;h,C;P;R;l;M;P;J;c;M;Q;c;B;c;s;m;m;L;C;M;P;r;z;b;F;f;h;w;f;r;v;L;r;N;N;w;w;G;w;f;F,C;R;J;m;t;b;m;J;l;Q;b;s;Q;l;R;B;p;Z;D;V;j;T;H;T;d;j;D;t;S;j;Z;t
r;Q;V;J;r;R;F;d;r;w;D;f;z;H;Q;H;Q;B;T;n;p;W;T;W,P;C;L;b;P;c;P;C;s;g;q;C;g;P;g;L;j;S;c;S;q;N;b;H;T;z;M;t;W;m;W;t;z;l;T;H;m;B;t;T;l;M;s;s;M;T,c;C;q;g;h;S;S;P;c;v;g;S;c;P;b;w;F;G;d;D;D;V;Z;F;f;D;h;Z;G;B
z;r;R;Q;R;d;q;z;P;H;Q;t;n;M;P;r;t;z;P;M;R;R;Q;M;V;B;B;b;l;J;J;B;S;C;l;B;p;J;b;p;d;C;C;b;B;l;C;C,h;T;c;G;w;z;s;w;G;w;G;m;G;f;D;v;v;f;G;m;G;N;f;B;p;l;l;V;S;W;b;W;p;p;N;C;B;N;B;V;p;C;B;C;l;W,g;v;G;F;T;m;T;g;w;D;h;T;D;c;c;s;T;f;z;f;m;f;G;G;Q;P;g;P;P;q;r;g;R;Z;P;H;n;R;q;R;Z;r;Q;L;n;R;g;P
h;v;m;m;J;l;l;P;b;m;C;R;M;N;G;M;M;l;N;w;N;l,P;F;T;p;T;V;j;T;g;p;T;p;B;R;g;M;G;M;n;R;N;H;B;B,W;W;r;q;z;T;T;P;V;Q;D;P;q;p;j;T;q;P;J;b;m;L;t;c;f;s;Q;s;f;t;b;L;b;v;c;t
S;z;r;m;p;j;j;c;s;j;T;Z;N;z;g;n;n;N;z;N,B;L;H;N;D;w;B;L;B;P;L;w;L;B;h;w;D;V;L;g;d;Q;C;g;C;Q;G;T;n;g;H;Q;Z;C;n;g;Z;d,P;P;J;B;D;v;B;V;V;B;m;p;p;N;j;J;j;r;r;r
Z;H;B;N;Q;F;h;s;q;H;B;s;g;C;f;q;t;c;t;c;P;v;S;w;P;q;r;V,L;l;n;G;T;n;J;p;J;J;T;m;d;D;p;m;L;l;m;L;n;d;W;f;V;r;P;v;v;R;w;D;f;c;w;w;w;R;V;w;c;f;Q;t;v;P,G;n;b;Q;b;l;W;m;W;G;d;T;J;Q;d;T;G;n;Z;H;s;H;h;Z;h;F;N;s;b;C;s;j;F;g;j;C
h;W;f;D;z;D;T;V;n;d;D;M;h;d;d;M;l;B;W;M;B;D;f;J;R;n;R;t;v;v;S;S;Q;j;C;v;Z;C;t;j;t;p;J;v;S;R,b;G;H;s;c;c;F;c;b;s;c;s;q;G;P;H;N;G;c;r;p;j;J;Z;t;v;S;R;t;F;t;Q;C;Z;r;j;S;j,G;s;b;w;G;G;w;N;N;G;L;g;P;L;w;M;z;B;z;f;M;M;V;M;T;L;d;T;C;C
G;B;c;N;z;T;S;S;m;G;z;m;T;L;N;g;v;w;g;p;N;C;D;q;p;D;g;g;p;w,J;R;Z;M;r;J;W;F;Z;Z;n;Z;t;J;g;v;v;j;w;b;p;b;C;J;D;d,r;F;M;P;R;h;Z;t;Z;F;n;W;r;R;t;Q;G;m;P;P;D;c;L;f;m;G;L;T;f;z
V;d;W;n;V;d;j;h;h;d;F;j;V;W;b;n;d;M;l;N;L;Q;s;p;V;M;H;C;N;V;l;C;l;V,R;S;r;J;B;R;R;J;w;J;S;B;Q;p;M;B;H;L;L;D;C;L,T;q;w;t;R;R;R;J;z;J;T;S;q;J;S;z;S;r;t;m;q;g;W;W;h;c;n;c;v;P;g;n;W;b;P;Q;n;b;n;W;m;b
V;n;D;F;p;P;p;F;s;s;V;S;p;F;D;V;H;b;R;b;s;c;C;v;g;b;M;T;v;T;C;R,J;f;z;q;d;Q;B;f;h;B;d;d;d;f;B;B;G;D;L;d;G;Q;v;b;r;q;M;M;c;C;R;R;M;T;g;b;q;g;M;r;b;b;q;c,Q;D;f;z;J;N;W;B;J;L;Q;B;h;m;d;G;D;z;D;G;h;Q;G;G;l;F;Z;w;P;t;W;j;t;F;F;p;p;l;l;S;V;p;Z;Z;F;n;j;j
q;r;L;L;N;p;J;b;J;n;R;L;N;n;p;v;Q;t;R;V;h;h;R;F;C;d;l;F;F;l;F;d,m;m;j;z;j;v;G;j;w;P;w;m;T;s;S;T;S;Q;j;D;V;l;V;W;Q;j;l;C;D;t;h;C;C;C,c;S;S;m;c;T;T;P;c;S;s;w;S;c;f;S;H;m;T;S;T;z;J;q;q;N;r;n;p;B;p;q;B;b;J;L;v;Z;M;r;q;f;r;L
N;S;v;R;Z;R;f;F;v;f;H;S;Z;Q;c;N;J;B;L;b;z;D;L;n;r;D;F;n;h;t;F;L;F;n;r;h,w;m;T;G;p;m;G;C;w;s;M;p;l;M;s;H;l;l;P;l;M;n;D;L;j;z;n;r;g;r;z;D;j;g;n;n;t;z;n;r,d;s;C;V;G;G;G;w;m;p;T;G;P;p;l;m;C;m;P;p;p;V;m;H;S;S;R;J;N;f;J;v;B;N;Z;Q;f;W;d;B;R;J;Z;R;B;Z;c;R
T;w;Q;w;q;D;P;Q;t;w;N;w;z;N;D;T;Z;c;n;Z;b;J;v;M;n;M;M;b;F;q;Z;M,S;z;G;S;j;r;j;L;W;r;j;H;H;s;p;W;V;h;v;V;V;n;F;J;b;c;c;V;Z;c;R;J;b;l;l;b,p;H;p;p;s;z;G;S;p;r;h;h;W;H;L;C;L;r;s;j;d;T;t;D;D;P;f;w;d;f;w;t;d;N;f;D;g;N;C;N
f;t;c;v;B;t;B;F;t;m;B;l;m;v;P;F;m;m;c;c;z;C;C;h;r;g;S;C;z;z;C;S;n;C;S;S;n;G;H;f,s;J;d;d;b;d;T;D;b;D;H;d;n;J;R;g;g;r;G;z;G;z;r;G,d;p;p;D;V;D;Z;M;M;M;s;T;T;V;s;D;T;s;T;D;p;w;V;c;t;N;c;v;B;Z;Q;P;c;P;c;t;q;t;Q;c;H;m;v;l;v;Q
j;z;b;d;z;z;t;b;D;q;N;q;w;v;L;v;R;m;Q;Z;j;v;R;H,F;S;J;b;F;F;W;g;J;n;Z;F;L;R;Z;m;H;m;R;Q,T;g;V;J;T;V;S;J;G;J;c;J;l;l;l;g;T;M;d;q;p;d;N;s;r;z;t;N;N;s;N;b;M;D;D;p
C;C;C;V;W;b;w;V;n;l;R;b;T;c;q;S;S;h;q;G;h;h;G;c;n;F,P;g;D;B;f;D;p;M;N;l;f;g;p;P;f;N;Z;Z;t;c;J;g;c;q;q;h;m;m;j;q;S;m;j;F;m;h;m;S,t;p;f;p;s;P;r;l;p;s;P;D;D;M;D;f;B;Z;r;w;L;r;V;W;L;L;L;W;R;C;d;H;L;T;w;b;V;R
p;j;v;f;D;G;j;S;M;p;v;D;m;D;p;D;p;S;D;n;J;m;f;q;b;P;V;s;C;M;F;s;P;q;F;V;P;q;C;r;w;r;b;M;F;V,N;Q;l;H;t;H;N;h;Z;H;g;Z;Z;N;B;H;h;Q;g;z;P;m;C;w;b;q;q;V;F;l;s;r;P;F;r;F;C;P,h;g;H;t;Q;d;Q;c;h;c;H;c;t;H;g;c;g;N;g;B;Q;d;W;N;p;m;v;T;W;v;p;G;m;L;J;D;L;G;j;T;p;L;G;n;n;j;f;v
Q;h;g;L;L;L;m;t;l;R;q;D;t;R;G;P,H;L;b;n;C;Z;F;W;V;H;L;Z;n;F;C;J;J;R;F;r;G;J;z;D;G;D;G;J;D;D,W;Z;H;f;n;d;f;M;f;C;Z;b;M;n;T;V;T;f;Z;h;S;N;Q;Q;p;d;w;S;d;L;w;h;N;c;m;d;S;N
s;P;w;r;P;M;g;L;F;P;F;F;s;L;Z;t;m;c;c;l;S;S;Z;D;t;c;Z;s,q;V;z;q;d;N;d;C;n;n;N;V;V;N;C;G;m;b;n;c;D;B;l;m;B;l;B;B;n;R;l;Z,V;T;d;C;G;V;v;V;f;f;f;r;j;p;f;M;Q;P;w;m
B;P;D;l;d;D;T;D;P;Z;c;g;g;j;c;c;c;T;d;N;M;b;b;M;N;S;Q;N;q;q;j;t;z;M;b;r;R;b,L;v;m;W;s;f;v;s;s;L;G;n;Q;b;Q;M;R;Q;q;r;S;R;n;z,W;p;v;s;V;m;m;p;m;m;f;p;f;J;G;r;H;f;V;C;H;V;v;m;c;D;g;p;D;l;Z;p;h;g;F;g;d;h;c;l;h;d;g;d;B;l;g;F
V;G;w;H;b;N;z;M;M;r;z;H;b;b;H;C;h;h;q;g;C;q;P;N;g;h;g;C;q;W,Z;J;V;B;v;B;v;Z;W;q;v;R;v;g;g;P,J;B;J;l;B;l;B;Z;c;s;B;f;c;J;V;r;H;n;L;w;Q;Q;G;z;L;Q;M;c
g;B;W;f;B;P;P;P;f;h;v;V;W;F;f;S;V;f;V;d;j;j;b;v;T;v;w;w;Q;p;p;H;c;H;c;c;t;T;c;Q;T;H;c;Z,D;n;N;n;M;J;M;q;M;J;z;q;c;h;b;Z;t;T;Q;Q;r;b,l;l;R;m;N;L;D;L;D;G;l;C;s;W;S;F;C;f;f;W;d;s;h;d
L;p;N;M;Z;Z;p;q;q;p;f;T;T;w;N;q;L;Z;w;G;s;Z;q;Z;b;d;H;R;H;b;H;G;d;d;n;C;B;H;R;c;m;z;G;m;m;C;d;G,J;F;R;t;R;l;V;S;t;j;P;l;h;t;j;b;B;z;B;n;c;m;V;W;d;z;W;B;n;b,r;P;h;h;S;l;r;v;Q;l;F;F;F;P;g;t;J;l;J;t;F;l;h;l;D;N;T;w;R;M;f;Z;T;Z;f;D;Z;N;r;s;p;Z;L;M;M;s;r;q
z;B;L;j;L;F;B;j;L;j;m;H;W;l;z;N;Z;l;z;V;C;C,d;c;J;r;d;f;d;d;b;l;l;J;b;d;M;T;w;D;N;M;Z;W;N;V;w;V;D;w;H;T,g;R;c;g;J;b;c;b;q;f;g;b;f;t;d;j;l;q;L;h;F;F;L;P;P;h;G;B;j;m
W;f;B;g;B;R;z;Q;G;N;N;Q;q;m;m;q;Z;N,n;F;j;C;j;C;p;L;b;t;p;P;J;t;C;D;D;n;C;D;J;p;z;n;c;r;S;V;b;m;d;V;q;b;h;h;d;q;N;b;S;S;m;r;d;V;S;q,C;L;P;J;p;D;L;l;L;l;F;D;p;F;j;j;s;G;R;s;B;G;R;f;W;w;s;H;H;g;l;z
l;S;l;S;l;p;C;R;S;s;W;T;R;L;T;l;W;R;v;l;m;M;r;B;P;j;B;P;j;p;q;r;r;m;q;P;J;M;P;Z,D;D;z;b;h;V;h;Q;h;D;G;z;h;Q;n;G;G;f;n;H;H;Q;G;B;P;Z;j;M;q;J;j;B;J;M;B;V;J;m;q;M;d;r;q;q;d;T,N;N;G;Q;b;F;w;n;H;z;N;z;w;b;Q;w;F;n;w;b;f;s;L;C;L;t;s;v;L;s;W;g;g;F;s;l;s;T;g;g;S;c
n;v;z;P;v;C;n;l;v;t;w;C;r;Z;W;m;W;w;v;v;Z;C;Q;f;b;b;f;Q;f;G;b;q;S;J;J;G;m;q;G;S;F;S;b;J,L;h;T;B;W;d;s;M;N;N;R;g;N;c;g;D;W;s;D;N;c;V;S;f;Q;q;J;G;F;S;F;J;q;S;S;d;d;Q;G;S;J;F,H;N;g;c;h;H;c;W;D;R;N;h;T;N;M;W;w;t;P;r;t;Z;Z;j;n;H;z;r;n;v;C;z
d;j;h;n;z;R;g;h;M;M;V;C;B;f;h;h,q;j;Q;T;r;T;P;Q;J;C;D;D;q;B;D;J,L;Q;v;G;r;L;j;T;H;L;j;N;N;P;P;T;p;Q;g;t;z;t;S;m;m;b;F;g;m;g;L;b;F;n;m;L
F;R;D;N;F;B;B;R;R;V;F;F;m;b;L;Z;H;P;Z;B;Z;v;v;H,Q;n;h;g;M;l;l;g;l;J;T;d;G;g;J;n;h;L;Q;Q;J;p;Z;p;v;w;Z;H;p;w;s;P;T;w;p;b;s;Z;H;m;s;H,l;n;h;n;Q;G;r;M;g;t;h;M;l;n;t;l;G;f;Q;h;g;W;W;c;R;S;D;c;V;C;r;L;W;z;R;S;r;R;F;D;R;N
P;q;r;r;r;R;n;P;B;b;r;V;h;V;q;F;r;F;V;R;P;V;h;Z;L;v;N;S;N;v;L;Z;c;Q;v;t;J;f;R;v;N;S;c;J;N;J,d;D;z;W;w;w;C;T;m;m;d;w;d;d;d;p;D;L;W;Q;Z;M;S;S;M;f;S;J;t;c;W;J;f;Q;S;Q;Z;N,C;C;w;m;T;d;j;s;C;l;V;j;F;j;n;L;B;l
s;r;j;C;v;j;P;m;Q;V;l;P;j;F;P;m;Q;m;P;r;d;H;H;Z;h;v;H;Z;D;q;H;h;D;D;w;H;H;q;f;B,p;L;c;n;J;Q;N;Q;M;Z;p;q;Z;D;D;Z,W;N;R;b;t;N;J;g;R;P;j;j;Q;V;m;z
N;J;J;R;m;j;m;J;b;b;J;f;q;S;V;M;N;H;F;C;S;F;z;L;L;l;r;L;L;r;F;H;T;z,Q;v;n;s;Q;G;v;B;w;W;w;Q;v;g;R;H;l;G;G;D;F;P;F;C;G;l;r;R,Q;h;v;w;B;v;B;c;t;B;c;c;Z;W;Z;N;R;N;m;V;f;j;p;m;j;J;j;b
R;M;m;G;G;M;L;R;R;C;F;m;R;P;P;f;G;F;p;G;P;F;P;J;W;Z;Q;W;c;t;r;t;l;Q;v;Z;v;l;t;f;r;Q;W;c;W;W;B;q,g;g;g;w;j;j;b;j;w;w;b;Z;t;w;Z;B;B;c;m;Q;Q;v,S;d;N;b;D;D;V;S;g;P;M;F;m;P;z;d;M;m
n;Z;h;n;N;Z;D;n;Z;P;m;Z;P;W;b;p;p;P;p;M;l;v;R;l;z;v;r;t;M;m;R;t;q;R;z;R;f;q,H;c;F;w;s;C;Q;L;V;Q;w;F;w;L;t;L;b;v;t;z;r;l;r;L;t;t,G;s;g;C;F;C;g;C;Q;H;H;C;V;H;s;F;Q;H;c;F;d;D;P;D;b;J;D;Z;T;p;Z;D;b;W;J;P;N;W;W;Z;D;d
B;B;r;B;r;G;l;G;p;g;G;j;s;N;h;l;B;l;p;B;w;p;f;S;w;Z;J;d;Q;w;f;c;Z;w;v;S;Q;n;n;n,L;v;W;v;H;L;m;m;V;J;Q;Q;H;f;Q;H,R;P;L;R;M;v;q;F;T;b;R;T;j;G;B;h;j;N;F;s;s;l;l;s
c;N;Z;Z;Z;m;Z;D;c;D;D;J;m;h;z;z;r;r;l;H;t;S;b;v;g;j;S;v;g;f;P;S;W;v;P;f;j;S;h;v,V;B;w;n;n;d;n;V;C;q;b;q;p;R;R;p;n;s;p;n;q;R;W;t;G;g;W;S;S;g;v;F;B;S;G;G;S;W;g;t;G;G;S;P,L;q;C;M;n;T;L;V;R;w;C;R;C;p;R;L;p;b;H;D;N;z;M;M;N;c;m;m;H;N;H;Q;J;Q
M;M;q;D;t;n;V;n;B;l;H;t;Z;v;t;B,W;L;W;r;W;g;d;W;w;d;r;L;C;T;F;C;w;L;l;b;b;s;J;s;J;Q;s;b;Q;l;Q;z;l;v;r;B,j;F;S;v;T;d;j;f;n;f;R;m;V;c;R;R
Z;L;G;q;n;v;n;q;L;z;v;b;G;R;M;f;c;R;p;w;M;p;d;V,f;g;f;N;N;f;g;H;H;j;V;m;R;c;V;d;g;M,H;s;W;D;C;D;f;C;Q;C;Z;B;B;Z;n;v;W;t;L;q
b;T;Z;j;q;f;l;q;Z;h;c;r;l;c;z;G;z;p;p;G;N;g;j;m;F;N;n;p,P;m;m;R;S;W;W;D;M;B;Q;V;N;p;W;F;z;n;G;F,S;S;t;R;B;D;S;C;C;S;S;S;w;P;B;w;B;D;B;w;P;m;Z;h;Z;l;f;Z;h;q;H;T;s;T;f;l;t;H;H;Z;f;s;H;H
G;b;N;b;s;S;p;t;Q;G;q;s;d;J;C;z;s;d;d;c;g;z;z;v,D;H;R;R;n;m;W;W;m;Z;n;m;R;h;l;l;n;H;n;n;n;M;L;v;v;L;g;c;T;V;v;j;V;h;C;T;v;g;z;c;J;g;L;j,R;n;W;M;l;D;Z;R;l;n;H;l;m;H;W;B;F;w;G;Q;q;N;G;G;P;N;Q;z;P;G;q;F;w;z
v;S;G;v;H;p;J;n;B;L;b;G;H;B;N;C;g;f;D;z;z;C;h;D;g;b;C;f;z;T,w;F;R;s;l;q;m;q;T;R;g;g;g;Q;g;h;P;m;Q;f,q;j;R;F;M;j;W;q;N;N;M;M;G;H;T;L
f;W;G;c;Q;G;G;S;R;F;Q;Z;h;t;t;Z;J;f;S;S;J;f;l;D;D;r;w;d;C;l;l;j;V;r;N;D;d;r;d;C;F;B;C;r,M;T;g;v;L;L;P;P;n;H;z;M;b;D;w;d;l;N;b;M;B;w;M;M,m;n;T;v;n;n;P;T;c;N;m;m;J;J;W;N
q;q;b;b;Q;Q;n;b;W;r;q;G;g;n;W;q;v;Z;p;V;z;M;C;Z;j;C;g;f;j;Z;C;S;V;M,l;d;c;m;D;P;D;h;m;l;F;B;H;P;D;d;d;L;B;V;F;D;H;L;p;p;Z;p;j;S;C;j;j;N;f;w;N;M;w;C;p;S;M;w;h;C;M;p,F;t;D;d;s;H;P;c;H;m;d;H;V;P;L;t;H;s;d;t;B;H;Q;n;s;b;v;n;T;R;R;T;R;s;R;R;q;b;q;v;q;W;n;J
h;h;t;B;t;P;r;g;b;b;h;h;g;j;Z;j;j;C;C;H;H;N;p;N;D;H;p;f;f;H;W;C;v;r,L;G;F;L;V;w;s;w;s;J;M;S;g;F;w;M;M;p;d;d;S;v;p;H;C;C;d;D;d;v;C;p;v;m,s;G;s;F;s;Q;L;s;V;s;L;F;n;n;F;T;J;Q;t;h;j;c;j;Q;q;h;R;c;B;Z;Z;t;R;g
